video_id,config_num,config
1,1,"[{'ad_id': 7, 'time': 148, 'url': 'http://www.emerail.cn/htm/Article/ArticleDetail/350.html'}, {'ad_id': 4, 'time': 262, 'url': 'https://yilidwrp.tmall.com/p/rd441859.htm'}, {'ad_id': 6, 'time': 445, 'url': 'https://pro.jd.com/mall/active/277WPxCkxUmRTyZTHGZ1b1bYgAXU/index.html'}]"
1,2,"[{'ad_id': 5, 'time': 136, 'url': 'https://mall.jd.com/index-1000008814.html'}, {'ad_id': 7, 'time': 261, 'url': 'http://www.emerail.cn/htm/Article/ArticleDetail/350.html'}, {'ad_id': 4, 'time': 375, 'url': 'https://yilidwrp.tmall.com/p/rd441859.htm'}]"
1,3,"[{'ad_id': 0, 'time': 151, 'url': 'https://pro.jd.com/mall/active/tt8sDHUcppeRLQV6pis6et1YqZR/index.html'}, {'ad_id': 4, 'time': 246, 'url': 'https://yilidwrp.tmall.com/p/rd441859.htm'}, {'ad_id': 1, 'time': 442, 'url': 'https://sale.jd.com/mall/tEzqm8w3fUZK.html'}]"
1,4,"[{'ad_id': 6, 'time': 105, 'url': 'https://pro.jd.com/mall/active/277WPxCkxUmRTyZTHGZ1b1bYgAXU/index.html'}, {'ad_id': 5, 'time': 268, 'url': 'https://mall.jd.com/index-1000008814.html'}, {'ad_id': 4, 'time': 447, 'url': 'https://yilidwrp.tmall.com/p/rd441859.htm'}]"
1,5,"[{'ad_id': 5, 'time': 151, 'url': 'https://mall.jd.com/index-1000008814.html'}, {'ad_id': 2, 'time': 249, 'url': 'https://pro.jd.com/mall/active/3iASDWo7Xpzq2uSVN7ARAeXzLZME/index.html'}, {'ad_id': 4, 'time': 445, 'url': 'https://yilidwrp.tmall.com/p/rd441859.htm'}]"
1,6,"[{'ad_id': 3, 'time': 93, 'url': 'https://mall.jd.com/index-1000074823.html'}, {'ad_id': 0, 'time': 262, 'url': 'https://pro.jd.com/mall/active/tt8sDHUcppeRLQV6pis6et1YqZR/index.html'}, {'ad_id': 5, 'time': 442, 'url': 'https://mall.jd.com/index-1000008814.html'}]"
1,7,"[{'ad_id': 5, 'time': 101, 'url': 'https://mall.jd.com/index-1000008814.html'}, {'ad_id': 3, 'time': 259, 'url': 'https://mall.jd.com/index-1000074823.html'}, {'ad_id': 7, 'time': 445, 'url': 'http://www.emerail.cn/htm/Article/ArticleDetail/350.html'}]"
1,8,"[{'ad_id': 4, 'time': 79, 'url': 'https://yilidwrp.tmall.com/p/rd441859.htm'}, {'ad_id': 0, 'time': 252, 'url': 'https://pro.jd.com/mall/active/tt8sDHUcppeRLQV6pis6et1YqZR/index.html'}, {'ad_id': 7, 'time': 397, 'url': 'http://www.emerail.cn/htm/Article/ArticleDetail/350.html'}]"
1,9,"[{'ad_id': 6, 'time': 148, 'url': 'https://pro.jd.com/mall/active/277WPxCkxUmRTyZTHGZ1b1bYgAXU/index.html'}, {'ad_id': 4, 'time': 264, 'url': 'https://yilidwrp.tmall.com/p/rd441859.htm'}, {'ad_id': 2, 'time': 490, 'url': 'https://pro.jd.com/mall/active/3iASDWo7Xpzq2uSVN7ARAeXzLZME/index.html'}]"
1,10,"[{'ad_id': 7, 'time': 148, 'url': 'http://www.emerail.cn/htm/Article/ArticleDetail/350.html'}, {'ad_id': 4, 'time': 264, 'url': 'https://yilidwrp.tmall.com/p/rd441859.htm'}, {'ad_id': 3, 'time': 390, 'url': 'https://mall.jd.com/index-1000074823.html'}]"
2,1,"[{'ad_id': 0, 'time': 157, 'url': 'https://pro.jd.com/mall/active/tt8sDHUcppeRLQV6pis6et1YqZR/index.html'}, {'ad_id': 1, 'time': 303, 'url': 'https://sale.jd.com/mall/tEzqm8w3fUZK.html'}, {'ad_id': 7, 'time': 562, 'url': 'http://www.emerail.cn/htm/Article/ArticleDetail/350.html'}]"
2,2,"[{'ad_id': 2, 'time': 166, 'url': 'https://pro.jd.com/mall/active/3iASDWo7Xpzq2uSVN7ARAeXzLZME/index.html'}, {'ad_id': 6, 'time': 415, 'url': 'https://pro.jd.com/mall/active/277WPxCkxUmRTyZTHGZ1b1bYgAXU/index.html'}, {'ad_id': 3, 'time': 529, 'url': 'https://mall.jd.com/index-1000074823.html'}]"
2,3,"[{'ad_id': 5, 'time': 121, 'url': 'https://mall.jd.com/index-1000008814.html'}, {'ad_id': 6, 'time': 299, 'url': 'https://pro.jd.com/mall/active/277WPxCkxUmRTyZTHGZ1b1bYgAXU/index.html'}, {'ad_id': 4, 'time': 513, 'url': 'https://yilidwrp.tmall.com/p/rd441859.htm'}]"
2,4,"[{'ad_id': 4, 'time': 63, 'url': 'https://yilidwrp.tmall.com/p/rd441859.htm'}, {'ad_id': 2, 'time': 435, 'url': 'https://pro.jd.com/mall/active/3iASDWo7Xpzq2uSVN7ARAeXzLZME/index.html'}, {'ad_id': 6, 'time': 594, 'url': 'https://pro.jd.com/mall/active/277WPxCkxUmRTyZTHGZ1b1bYgAXU/index.html'}]"
2,5,"[{'ad_id': 5, 'time': 154, 'url': 'https://mall.jd.com/index-1000008814.html'}, {'ad_id': 4, 'time': 401, 'url': 'https://yilidwrp.tmall.com/p/rd441859.htm'}, {'ad_id': 0, 'time': 542, 'url': 'https://pro.jd.com/mall/active/tt8sDHUcppeRLQV6pis6et1YqZR/index.html'}]"
2,6,"[{'ad_id': 3, 'time': 119, 'url': 'https://mall.jd.com/index-1000074823.html'}, {'ad_id': 5, 'time': 217, 'url': 'https://mall.jd.com/index-1000008814.html'}, {'ad_id': 0, 'time': 615, 'url': 'https://pro.jd.com/mall/active/tt8sDHUcppeRLQV6pis6et1YqZR/index.html'}]"
2,7,"[{'ad_id': 5, 'time': 121, 'url': 'https://mall.jd.com/index-1000008814.html'}, {'ad_id': 2, 'time': 233, 'url': 'https://pro.jd.com/mall/active/3iASDWo7Xpzq2uSVN7ARAeXzLZME/index.html'}, {'ad_id': 0, 'time': 579, 'url': 'https://pro.jd.com/mall/active/tt8sDHUcppeRLQV6pis6et1YqZR/index.html'}]"
2,8,"[{'ad_id': 3, 'time': 106, 'url': 'https://mall.jd.com/index-1000074823.html'}, {'ad_id': 4, 'time': 435, 'url': 'https://yilidwrp.tmall.com/p/rd441859.htm'}, {'ad_id': 0, 'time': 565, 'url': 'https://pro.jd.com/mall/active/tt8sDHUcppeRLQV6pis6et1YqZR/index.html'}]"
2,9,"[{'ad_id': 2, 'time': 115, 'url': 'https://pro.jd.com/mall/active/3iASDWo7Xpzq2uSVN7ARAeXzLZME/index.html'}, {'ad_id': 4, 'time': 397, 'url': 'https://yilidwrp.tmall.com/p/rd441859.htm'}, {'ad_id': 5, 'time': 623, 'url': 'https://mall.jd.com/index-1000008814.html'}]"
2,10,"[{'ad_id': 6, 'time': 112, 'url': 'https://pro.jd.com/mall/active/277WPxCkxUmRTyZTHGZ1b1bYgAXU/index.html'}, {'ad_id': 3, 'time': 293, 'url': 'https://mall.jd.com/index-1000074823.html'}, {'ad_id': 4, 'time': 617, 'url': 'https://yilidwrp.tmall.com/p/rd441859.htm'}]"
3,1,"[{'ad_id': 4, 'time': 67, 'url': 'https://yilidwrp.tmall.com/p/rd441859.htm'}, {'ad_id': 6, 'time': 259, 'url': 'https://pro.jd.com/mall/active/277WPxCkxUmRTyZTHGZ1b1bYgAXU/index.html'}, {'ad_id': 1, 'time': 472, 'url': 'https://sale.jd.com/mall/tEzqm8w3fUZK.html'}]"
3,2,"[{'ad_id': 7, 'time': 67, 'url': 'http://www.emerail.cn/htm/Article/ArticleDetail/350.html'}, {'ad_id': 6, 'time': 249, 'url': 'https://pro.jd.com/mall/active/277WPxCkxUmRTyZTHGZ1b1bYgAXU/index.html'}, {'ad_id': 2, 'time': 441, 'url': 'https://pro.jd.com/mall/active/3iASDWo7Xpzq2uSVN7ARAeXzLZME/index.html'}]"
3,3,"[{'ad_id': 4, 'time': 144, 'url': 'https://yilidwrp.tmall.com/p/rd441859.htm'}, {'ad_id': 0, 'time': 249, 'url': 'https://pro.jd.com/mall/active/tt8sDHUcppeRLQV6pis6et1YqZR/index.html'}, {'ad_id': 3, 'time': 419, 'url': 'https://mall.jd.com/index-1000074823.html'}]"
3,4,"[{'ad_id': 2, 'time': 67, 'url': 'https://pro.jd.com/mall/active/3iASDWo7Xpzq2uSVN7ARAeXzLZME/index.html'}, {'ad_id': 4, 'time': 256, 'url': 'https://yilidwrp.tmall.com/p/rd441859.htm'}, {'ad_id': 3, 'time': 419, 'url': 'https://mall.jd.com/index-1000074823.html'}]"
3,5,"[{'ad_id': 2, 'time': 67, 'url': 'https://pro.jd.com/mall/active/3iASDWo7Xpzq2uSVN7ARAeXzLZME/index.html'}, {'ad_id': 0, 'time': 303, 'url': 'https://pro.jd.com/mall/active/tt8sDHUcppeRLQV6pis6et1YqZR/index.html'}, {'ad_id': 7, 'time': 441, 'url': 'http://www.emerail.cn/htm/Article/ArticleDetail/350.html'}]"
3,6,"[{'ad_id': 1, 'time': 217, 'url': 'https://sale.jd.com/mall/tEzqm8w3fUZK.html'}, {'ad_id': 2, 'time': 314, 'url': 'https://pro.jd.com/mall/active/3iASDWo7Xpzq2uSVN7ARAeXzLZME/index.html'}, {'ad_id': 5, 'time': 419, 'url': 'https://mall.jd.com/index-1000008814.html'}]"
3,7,"[{'ad_id': 6, 'time': 217, 'url': 'https://pro.jd.com/mall/active/277WPxCkxUmRTyZTHGZ1b1bYgAXU/index.html'}, {'ad_id': 4, 'time': 314, 'url': 'https://yilidwrp.tmall.com/p/rd441859.htm'}, {'ad_id': 1, 'time': 441, 'url': 'https://sale.jd.com/mall/tEzqm8w3fUZK.html'}]"
3,8,"[{'ad_id': 1, 'time': 124, 'url': 'https://sale.jd.com/mall/tEzqm8w3fUZK.html'}, {'ad_id': 6, 'time': 258, 'url': 'https://pro.jd.com/mall/active/277WPxCkxUmRTyZTHGZ1b1bYgAXU/index.html'}, {'ad_id': 2, 'time': 472, 'url': 'https://pro.jd.com/mall/active/3iASDWo7Xpzq2uSVN7ARAeXzLZME/index.html'}]"
3,9,"[{'ad_id': 5, 'time': 67, 'url': 'https://mall.jd.com/index-1000008814.html'}, {'ad_id': 7, 'time': 244, 'url': 'http://www.emerail.cn/htm/Article/ArticleDetail/350.html'}, {'ad_id': 2, 'time': 340, 'url': 'https://pro.jd.com/mall/active/3iASDWo7Xpzq2uSVN7ARAeXzLZME/index.html'}]"
3,10,"[{'ad_id': 7, 'time': 124, 'url': 'http://www.emerail.cn/htm/Article/ArticleDetail/350.html'}, {'ad_id': 3, 'time': 259, 'url': 'https://mall.jd.com/index-1000074823.html'}, {'ad_id': 5, 'time': 419, 'url': 'https://mall.jd.com/index-1000008814.html'}]"
4,1,"[{'ad_id': 1, 'time': 80, 'url': 'https://sale.jd.com/mall/tEzqm8w3fUZK.html'}, {'ad_id': 7, 'time': 243, 'url': 'http://www.emerail.cn/htm/Article/ArticleDetail/350.html'}, {'ad_id': 2, 'time': 647, 'url': 'https://pro.jd.com/mall/active/3iASDWo7Xpzq2uSVN7ARAeXzLZME/index.html'}]"
4,2,"[{'ad_id': 3, 'time': 162, 'url': 'https://mall.jd.com/index-1000074823.html'}, {'ad_id': 5, 'time': 413, 'url': 'https://mall.jd.com/index-1000008814.html'}, {'ad_id': 6, 'time': 574, 'url': 'https://pro.jd.com/mall/active/277WPxCkxUmRTyZTHGZ1b1bYgAXU/index.html'}]"
4,3,"[{'ad_id': 7, 'time': 141, 'url': 'http://www.emerail.cn/htm/Article/ArticleDetail/350.html'}, {'ad_id': 3, 'time': 281, 'url': 'https://mall.jd.com/index-1000074823.html'}, {'ad_id': 4, 'time': 516, 'url': 'https://yilidwrp.tmall.com/p/rd441859.htm'}]"
4,4,"[{'ad_id': 6, 'time': 190, 'url': 'https://pro.jd.com/mall/active/277WPxCkxUmRTyZTHGZ1b1bYgAXU/index.html'}, {'ad_id': 4, 'time': 352, 'url': 'https://yilidwrp.tmall.com/p/rd441859.htm'}, {'ad_id': 0, 'time': 488, 'url': 'https://pro.jd.com/mall/active/tt8sDHUcppeRLQV6pis6et1YqZR/index.html'}]"
4,5,"[{'ad_id': 1, 'time': 232, 'url': 'https://sale.jd.com/mall/tEzqm8w3fUZK.html'}, {'ad_id': 7, 'time': 370, 'url': 'http://www.emerail.cn/htm/Article/ArticleDetail/350.html'}, {'ad_id': 4, 'time': 624, 'url': 'https://yilidwrp.tmall.com/p/rd441859.htm'}]"
4,6,"[{'ad_id': 4, 'time': 183, 'url': 'https://yilidwrp.tmall.com/p/rd441859.htm'}, {'ad_id': 6, 'time': 377, 'url': 'https://pro.jd.com/mall/active/277WPxCkxUmRTyZTHGZ1b1bYgAXU/index.html'}, {'ad_id': 5, 'time': 625, 'url': 'https://mall.jd.com/index-1000008814.html'}]"
4,7,"[{'ad_id': 7, 'time': 80, 'url': 'http://www.emerail.cn/htm/Article/ArticleDetail/350.html'}, {'ad_id': 5, 'time': 186, 'url': 'https://mall.jd.com/index-1000008814.html'}, {'ad_id': 2, 'time': 505, 'url': 'https://pro.jd.com/mall/active/3iASDWo7Xpzq2uSVN7ARAeXzLZME/index.html'}]"
4,8,"[{'ad_id': 4, 'time': 213, 'url': 'https://yilidwrp.tmall.com/p/rd441859.htm'}, {'ad_id': 3, 'time': 440, 'url': 'https://mall.jd.com/index-1000074823.html'}, {'ad_id': 0, 'time': 640, 'url': 'https://pro.jd.com/mall/active/tt8sDHUcppeRLQV6pis6et1YqZR/index.html'}]"
4,9,"[{'ad_id': 3, 'time': 90, 'url': 'https://mall.jd.com/index-1000074823.html'}, {'ad_id': 6, 'time': 232, 'url': 'https://pro.jd.com/mall/active/277WPxCkxUmRTyZTHGZ1b1bYgAXU/index.html'}, {'ad_id': 1, 'time': 597, 'url': 'https://sale.jd.com/mall/tEzqm8w3fUZK.html'}]"
4,10,"[{'ad_id': 1, 'time': 195, 'url': 'https://sale.jd.com/mall/tEzqm8w3fUZK.html'}, {'ad_id': 7, 'time': 461, 'url': 'http://www.emerail.cn/htm/Article/ArticleDetail/350.html'}, {'ad_id': 4, 'time': 624, 'url': 'https://yilidwrp.tmall.com/p/rd441859.htm'}]"
5,1,"[{'ad_id': 4, 'time': 217, 'url': 'https://yilidwrp.tmall.com/p/rd441859.htm'}, {'ad_id': 6, 'time': 338, 'url': 'https://pro.jd.com/mall/active/277WPxCkxUmRTyZTHGZ1b1bYgAXU/index.html'}, {'ad_id': 3, 'time': 434, 'url': 'https://mall.jd.com/index-1000074823.html'}]"
5,2,"[{'ad_id': 1, 'time': 128, 'url': 'https://sale.jd.com/mall/tEzqm8w3fUZK.html'}, {'ad_id': 3, 'time': 338, 'url': 'https://mall.jd.com/index-1000074823.html'}, {'ad_id': 4, 'time': 434, 'url': 'https://yilidwrp.tmall.com/p/rd441859.htm'}]"
5,3,"[{'ad_id': 6, 'time': 217, 'url': 'https://pro.jd.com/mall/active/277WPxCkxUmRTyZTHGZ1b1bYgAXU/index.html'}, {'ad_id': 3, 'time': 434, 'url': 'https://mall.jd.com/index-1000074823.html'}, {'ad_id': 0, 'time': 526, 'url': 'https://pro.jd.com/mall/active/tt8sDHUcppeRLQV6pis6et1YqZR/index.html'}]"
5,4,"[{'ad_id': 4, 'time': 166, 'url': 'https://yilidwrp.tmall.com/p/rd441859.htm'}, {'ad_id': 7, 'time': 284, 'url': 'http://www.emerail.cn/htm/Article/ArticleDetail/350.html'}, {'ad_id': 5, 'time': 455, 'url': 'https://mall.jd.com/index-1000008814.html'}]"
5,5,"[{'ad_id': 2, 'time': 128, 'url': 'https://pro.jd.com/mall/active/3iASDWo7Xpzq2uSVN7ARAeXzLZME/index.html'}, {'ad_id': 7, 'time': 300, 'url': 'http://www.emerail.cn/htm/Article/ArticleDetail/350.html'}, {'ad_id': 5, 'time': 455, 'url': 'https://mall.jd.com/index-1000008814.html'}]"
5,6,"[{'ad_id': 1, 'time': 200, 'url': 'https://sale.jd.com/mall/tEzqm8w3fUZK.html'}, {'ad_id': 6, 'time': 300, 'url': 'https://pro.jd.com/mall/active/277WPxCkxUmRTyZTHGZ1b1bYgAXU/index.html'}, {'ad_id': 4, 'time': 407, 'url': 'https://yilidwrp.tmall.com/p/rd441859.htm'}]"
5,7,"[{'ad_id': 7, 'time': 200, 'url': 'http://www.emerail.cn/htm/Article/ArticleDetail/350.html'}, {'ad_id': 6, 'time': 366, 'url': 'https://pro.jd.com/mall/active/277WPxCkxUmRTyZTHGZ1b1bYgAXU/index.html'}, {'ad_id': 1, 'time': 526, 'url': 'https://sale.jd.com/mall/tEzqm8w3fUZK.html'}]"
5,8,"[{'ad_id': 2, 'time': 217, 'url': 'https://pro.jd.com/mall/active/3iASDWo7Xpzq2uSVN7ARAeXzLZME/index.html'}, {'ad_id': 7, 'time': 327, 'url': 'http://www.emerail.cn/htm/Article/ArticleDetail/350.html'}, {'ad_id': 1, 'time': 526, 'url': 'https://sale.jd.com/mall/tEzqm8w3fUZK.html'}]"
5,9,"[{'ad_id': 7, 'time': 200, 'url': 'http://www.emerail.cn/htm/Article/ArticleDetail/350.html'}, {'ad_id': 5, 'time': 300, 'url': 'https://mall.jd.com/index-1000008814.html'}, {'ad_id': 1, 'time': 434, 'url': 'https://sale.jd.com/mall/tEzqm8w3fUZK.html'}]"
5,10,"[{'ad_id': 7, 'time': 128, 'url': 'http://www.emerail.cn/htm/Article/ArticleDetail/350.html'}, {'ad_id': 1, 'time': 407, 'url': 'https://sale.jd.com/mall/tEzqm8w3fUZK.html'}, {'ad_id': 6, 'time': 526, 'url': 'https://pro.jd.com/mall/active/277WPxCkxUmRTyZTHGZ1b1bYgAXU/index.html'}]"
6,1,"[{'ad_id': 6, 'time': 115, 'url': 'https://pro.jd.com/mall/active/277WPxCkxUmRTyZTHGZ1b1bYgAXU/index.html'}, {'ad_id': 7, 'time': 383, 'url': 'http://www.emerail.cn/htm/Article/ArticleDetail/350.html'}, {'ad_id': 1, 'time': 814, 'url': 'https://sale.jd.com/mall/tEzqm8w3fUZK.html'}]"
6,2,"[{'ad_id': 1, 'time': 153, 'url': 'https://sale.jd.com/mall/tEzqm8w3fUZK.html'}, {'ad_id': 5, 'time': 448, 'url': 'https://mall.jd.com/index-1000008814.html'}, {'ad_id': 4, 'time': 795, 'url': 'https://yilidwrp.tmall.com/p/rd441859.htm'}]"
6,3,"[{'ad_id': 3, 'time': 144, 'url': 'https://mall.jd.com/index-1000074823.html'}, {'ad_id': 5, 'time': 626, 'url': 'https://mall.jd.com/index-1000008814.html'}, {'ad_id': 7, 'time': 802, 'url': 'http://www.emerail.cn/htm/Article/ArticleDetail/350.html'}]"
6,4,"[{'ad_id': 1, 'time': 115, 'url': 'https://sale.jd.com/mall/tEzqm8w3fUZK.html'}, {'ad_id': 2, 'time': 533, 'url': 'https://pro.jd.com/mall/active/3iASDWo7Xpzq2uSVN7ARAeXzLZME/index.html'}, {'ad_id': 7, 'time': 773, 'url': 'http://www.emerail.cn/htm/Article/ArticleDetail/350.html'}]"
6,5,"[{'ad_id': 3, 'time': 164, 'url': 'https://mall.jd.com/index-1000074823.html'}, {'ad_id': 2, 'time': 586, 'url': 'https://pro.jd.com/mall/active/3iASDWo7Xpzq2uSVN7ARAeXzLZME/index.html'}, {'ad_id': 4, 'time': 886, 'url': 'https://yilidwrp.tmall.com/p/rd441859.htm'}]"
6,6,"[{'ad_id': 4, 'time': 169, 'url': 'https://yilidwrp.tmall.com/p/rd441859.htm'}, {'ad_id': 5, 'time': 574, 'url': 'https://mall.jd.com/index-1000008814.html'}, {'ad_id': 0, 'time': 870, 'url': 'https://pro.jd.com/mall/active/tt8sDHUcppeRLQV6pis6et1YqZR/index.html'}]"
6,7,"[{'ad_id': 5, 'time': 81, 'url': 'https://mall.jd.com/index-1000008814.html'}, {'ad_id': 2, 'time': 327, 'url': 'https://pro.jd.com/mall/active/3iASDWo7Xpzq2uSVN7ARAeXzLZME/index.html'}, {'ad_id': 1, 'time': 866, 'url': 'https://sale.jd.com/mall/tEzqm8w3fUZK.html'}]"
6,8,"[{'ad_id': 3, 'time': 151, 'url': 'https://mall.jd.com/index-1000074823.html'}, {'ad_id': 5, 'time': 386, 'url': 'https://mall.jd.com/index-1000008814.html'}, {'ad_id': 4, 'time': 751, 'url': 'https://yilidwrp.tmall.com/p/rd441859.htm'}]"
6,9,"[{'ad_id': 6, 'time': 81, 'url': 'https://pro.jd.com/mall/active/277WPxCkxUmRTyZTHGZ1b1bYgAXU/index.html'}, {'ad_id': 0, 'time': 212, 'url': 'https://pro.jd.com/mall/active/tt8sDHUcppeRLQV6pis6et1YqZR/index.html'}, {'ad_id': 1, 'time': 890, 'url': 'https://sale.jd.com/mall/tEzqm8w3fUZK.html'}]"
6,10,"[{'ad_id': 6, 'time': 151, 'url': 'https://pro.jd.com/mall/active/277WPxCkxUmRTyZTHGZ1b1bYgAXU/index.html'}, {'ad_id': 4, 'time': 590, 'url': 'https://yilidwrp.tmall.com/p/rd441859.htm'}, {'ad_id': 1, 'time': 814, 'url': 'https://sale.jd.com/mall/tEzqm8w3fUZK.html'}]"
7,1,"[{'ad_id': 2, 'time': 106, 'url': 'https://pro.jd.com/mall/active/3iASDWo7Xpzq2uSVN7ARAeXzLZME/index.html'}, {'ad_id': 4, 'time': 263, 'url': 'https://yilidwrp.tmall.com/p/rd441859.htm'}, {'ad_id': 1, 'time': 374, 'url': 'https://sale.jd.com/mall/tEzqm8w3fUZK.html'}]"
7,2,"[{'ad_id': 3, 'time': 113, 'url': 'https://mall.jd.com/index-1000074823.html'}, {'ad_id': 2, 'time': 242, 'url': 'https://pro.jd.com/mall/active/3iASDWo7Xpzq2uSVN7ARAeXzLZME/index.html'}, {'ad_id': 5, 'time': 369, 'url': 'https://mall.jd.com/index-1000008814.html'}]"
7,3,"[{'ad_id': 1, 'time': 106, 'url': 'https://sale.jd.com/mall/tEzqm8w3fUZK.html'}, {'ad_id': 2, 'time': 329, 'url': 'https://pro.jd.com/mall/active/3iASDWo7Xpzq2uSVN7ARAeXzLZME/index.html'}, {'ad_id': 5, 'time': 505, 'url': 'https://mall.jd.com/index-1000008814.html'}]"
7,4,"[{'ad_id': 1, 'time': 171, 'url': 'https://sale.jd.com/mall/tEzqm8w3fUZK.html'}, {'ad_id': 6, 'time': 343, 'url': 'https://pro.jd.com/mall/active/277WPxCkxUmRTyZTHGZ1b1bYgAXU/index.html'}, {'ad_id': 4, 'time': 505, 'url': 'https://yilidwrp.tmall.com/p/rd441859.htm'}]"
7,5,"[{'ad_id': 3, 'time': 183, 'url': 'https://mall.jd.com/index-1000074823.html'}, {'ad_id': 1, 'time': 327, 'url': 'https://sale.jd.com/mall/tEzqm8w3fUZK.html'}, {'ad_id': 0, 'time': 505, 'url': 'https://pro.jd.com/mall/active/tt8sDHUcppeRLQV6pis6et1YqZR/index.html'}]"
7,6,"[{'ad_id': 6, 'time': 193, 'url': 'https://pro.jd.com/mall/active/277WPxCkxUmRTyZTHGZ1b1bYgAXU/index.html'}, {'ad_id': 3, 'time': 307, 'url': 'https://mall.jd.com/index-1000074823.html'}, {'ad_id': 5, 'time': 429, 'url': 'https://mall.jd.com/index-1000008814.html'}]"
7,7,"[{'ad_id': 7, 'time': 171, 'url': 'http://www.emerail.cn/htm/Article/ArticleDetail/350.html'}, {'ad_id': 3, 'time': 343, 'url': 'https://mall.jd.com/index-1000074823.html'}, {'ad_id': 5, 'time': 466, 'url': 'https://mall.jd.com/index-1000008814.html'}]"
7,8,"[{'ad_id': 7, 'time': 193, 'url': 'http://www.emerail.cn/htm/Article/ArticleDetail/350.html'}, {'ad_id': 4, 'time': 346, 'url': 'https://yilidwrp.tmall.com/p/rd441859.htm'}, {'ad_id': 0, 'time': 466, 'url': 'https://pro.jd.com/mall/active/tt8sDHUcppeRLQV6pis6et1YqZR/index.html'}]"
7,9,"[{'ad_id': 2, 'time': 141, 'url': 'https://pro.jd.com/mall/active/3iASDWo7Xpzq2uSVN7ARAeXzLZME/index.html'}, {'ad_id': 1, 'time': 293, 'url': 'https://sale.jd.com/mall/tEzqm8w3fUZK.html'}, {'ad_id': 5, 'time': 466, 'url': 'https://mall.jd.com/index-1000008814.html'}]"
7,10,"[{'ad_id': 7, 'time': 121, 'url': 'http://www.emerail.cn/htm/Article/ArticleDetail/350.html'}, {'ad_id': 1, 'time': 349, 'url': 'https://sale.jd.com/mall/tEzqm8w3fUZK.html'}, {'ad_id': 2, 'time': 466, 'url': 'https://pro.jd.com/mall/active/3iASDWo7Xpzq2uSVN7ARAeXzLZME/index.html'}]"
8,1,"[{'ad_id': 6, 'time': 77, 'url': 'https://pro.jd.com/mall/active/277WPxCkxUmRTyZTHGZ1b1bYgAXU/index.html'}, {'ad_id': 3, 'time': 236, 'url': 'https://mall.jd.com/index-1000074823.html'}, {'ad_id': 1, 'time': 425, 'url': 'https://sale.jd.com/mall/tEzqm8w3fUZK.html'}]"
8,2,"[{'ad_id': 1, 'time': 128, 'url': 'https://sale.jd.com/mall/tEzqm8w3fUZK.html'}, {'ad_id': 4, 'time': 368, 'url': 'https://yilidwrp.tmall.com/p/rd441859.htm'}, {'ad_id': 7, 'time': 463, 'url': 'http://www.emerail.cn/htm/Article/ArticleDetail/350.html'}]"
8,3,"[{'ad_id': 5, 'time': 110, 'url': 'https://mall.jd.com/index-1000008814.html'}, {'ad_id': 2, 'time': 279, 'url': 'https://pro.jd.com/mall/active/3iASDWo7Xpzq2uSVN7ARAeXzLZME/index.html'}, {'ad_id': 0, 'time': 384, 'url': 'https://pro.jd.com/mall/active/tt8sDHUcppeRLQV6pis6et1YqZR/index.html'}]"
8,4,"[{'ad_id': 6, 'time': 236, 'url': 'https://pro.jd.com/mall/active/277WPxCkxUmRTyZTHGZ1b1bYgAXU/index.html'}, {'ad_id': 1, 'time': 356, 'url': 'https://sale.jd.com/mall/tEzqm8w3fUZK.html'}, {'ad_id': 3, 'time': 474, 'url': 'https://mall.jd.com/index-1000074823.html'}]"
8,5,"[{'ad_id': 5, 'time': 127, 'url': 'https://mall.jd.com/index-1000008814.html'}, {'ad_id': 4, 'time': 253, 'url': 'https://yilidwrp.tmall.com/p/rd441859.htm'}, {'ad_id': 1, 'time': 457, 'url': 'https://sale.jd.com/mall/tEzqm8w3fUZK.html'}]"
8,6,"[{'ad_id': 4, 'time': 112, 'url': 'https://yilidwrp.tmall.com/p/rd441859.htm'}, {'ad_id': 2, 'time': 332, 'url': 'https://pro.jd.com/mall/active/3iASDWo7Xpzq2uSVN7ARAeXzLZME/index.html'}, {'ad_id': 0, 'time': 480, 'url': 'https://pro.jd.com/mall/active/tt8sDHUcppeRLQV6pis6et1YqZR/index.html'}]"
8,7,"[{'ad_id': 4, 'time': 73, 'url': 'https://yilidwrp.tmall.com/p/rd441859.htm'}, {'ad_id': 2, 'time': 346, 'url': 'https://pro.jd.com/mall/active/3iASDWo7Xpzq2uSVN7ARAeXzLZME/index.html'}, {'ad_id': 0, 'time': 485, 'url': 'https://pro.jd.com/mall/active/tt8sDHUcppeRLQV6pis6et1YqZR/index.html'}]"
8,8,"[{'ad_id': 5, 'time': 114, 'url': 'https://mall.jd.com/index-1000008814.html'}, {'ad_id': 0, 'time': 231, 'url': 'https://pro.jd.com/mall/active/tt8sDHUcppeRLQV6pis6et1YqZR/index.html'}, {'ad_id': 3, 'time': 344, 'url': 'https://mall.jd.com/index-1000074823.html'}]"
8,9,"[{'ad_id': 5, 'time': 109, 'url': 'https://mall.jd.com/index-1000008814.html'}, {'ad_id': 6, 'time': 281, 'url': 'https://pro.jd.com/mall/active/277WPxCkxUmRTyZTHGZ1b1bYgAXU/index.html'}, {'ad_id': 4, 'time': 480, 'url': 'https://yilidwrp.tmall.com/p/rd441859.htm'}]"
8,10,"[{'ad_id': 4, 'time': 74, 'url': 'https://yilidwrp.tmall.com/p/rd441859.htm'}, {'ad_id': 5, 'time': 248, 'url': 'https://mall.jd.com/index-1000008814.html'}, {'ad_id': 2, 'time': 399, 'url': 'https://pro.jd.com/mall/active/3iASDWo7Xpzq2uSVN7ARAeXzLZME/index.html'}]"
9,1,"[{'ad_id': 0, 'time': 63, 'url': 'https://pro.jd.com/mall/active/tt8sDHUcppeRLQV6pis6et1YqZR/index.html'}, {'ad_id': 7, 'time': 238, 'url': 'http://www.emerail.cn/htm/Article/ArticleDetail/350.html'}, {'ad_id': 3, 'time': 646, 'url': 'https://mall.jd.com/index-1000074823.html'}]"
9,2,"[{'ad_id': 2, 'time': 112, 'url': 'https://pro.jd.com/mall/active/3iASDWo7Xpzq2uSVN7ARAeXzLZME/index.html'}, {'ad_id': 6, 'time': 274, 'url': 'https://pro.jd.com/mall/active/277WPxCkxUmRTyZTHGZ1b1bYgAXU/index.html'}, {'ad_id': 0, 'time': 655, 'url': 'https://pro.jd.com/mall/active/tt8sDHUcppeRLQV6pis6et1YqZR/index.html'}]"
9,3,"[{'ad_id': 1, 'time': 112, 'url': 'https://sale.jd.com/mall/tEzqm8w3fUZK.html'}, {'ad_id': 7, 'time': 327, 'url': 'http://www.emerail.cn/htm/Article/ArticleDetail/350.html'}, {'ad_id': 5, 'time': 565, 'url': 'https://mall.jd.com/index-1000008814.html'}]"
9,4,"[{'ad_id': 7, 'time': 160, 'url': 'http://www.emerail.cn/htm/Article/ArticleDetail/350.html'}, {'ad_id': 3, 'time': 344, 'url': 'https://mall.jd.com/index-1000074823.html'}, {'ad_id': 0, 'time': 565, 'url': 'https://pro.jd.com/mall/active/tt8sDHUcppeRLQV6pis6et1YqZR/index.html'}]"
9,5,"[{'ad_id': 2, 'time': 103, 'url': 'https://pro.jd.com/mall/active/3iASDWo7Xpzq2uSVN7ARAeXzLZME/index.html'}, {'ad_id': 0, 'time': 372, 'url': 'https://pro.jd.com/mall/active/tt8sDHUcppeRLQV6pis6et1YqZR/index.html'}, {'ad_id': 5, 'time': 659, 'url': 'https://mall.jd.com/index-1000008814.html'}]"
9,6,"[{'ad_id': 1, 'time': 144, 'url': 'https://sale.jd.com/mall/tEzqm8w3fUZK.html'}, {'ad_id': 6, 'time': 239, 'url': 'https://pro.jd.com/mall/active/277WPxCkxUmRTyZTHGZ1b1bYgAXU/index.html'}, {'ad_id': 3, 'time': 648, 'url': 'https://mall.jd.com/index-1000074823.html'}]"
9,7,"[{'ad_id': 5, 'time': 129, 'url': 'https://mall.jd.com/index-1000008814.html'}, {'ad_id': 4, 'time': 327, 'url': 'https://yilidwrp.tmall.com/p/rd441859.htm'}, {'ad_id': 3, 'time': 546, 'url': 'https://mall.jd.com/index-1000074823.html'}]"
9,8,"[{'ad_id': 0, 'time': 147, 'url': 'https://pro.jd.com/mall/active/tt8sDHUcppeRLQV6pis6et1YqZR/index.html'}, {'ad_id': 5, 'time': 274, 'url': 'https://mall.jd.com/index-1000008814.html'}, {'ad_id': 6, 'time': 656, 'url': 'https://pro.jd.com/mall/active/277WPxCkxUmRTyZTHGZ1b1bYgAXU/index.html'}]"
9,9,"[{'ad_id': 6, 'time': 112, 'url': 'https://pro.jd.com/mall/active/277WPxCkxUmRTyZTHGZ1b1bYgAXU/index.html'}, {'ad_id': 2, 'time': 351, 'url': 'https://pro.jd.com/mall/active/3iASDWo7Xpzq2uSVN7ARAeXzLZME/index.html'}, {'ad_id': 7, 'time': 656, 'url': 'http://www.emerail.cn/htm/Article/ArticleDetail/350.html'}]"
9,10,"[{'ad_id': 6, 'time': 112, 'url': 'https://pro.jd.com/mall/active/277WPxCkxUmRTyZTHGZ1b1bYgAXU/index.html'}, {'ad_id': 4, 'time': 351, 'url': 'https://yilidwrp.tmall.com/p/rd441859.htm'}, {'ad_id': 3, 'time': 646, 'url': 'https://mall.jd.com/index-1000074823.html'}]"
10,1,"[{'ad_id': 2, 'time': 150, 'url': 'https://pro.jd.com/mall/active/3iASDWo7Xpzq2uSVN7ARAeXzLZME/index.html'}, {'ad_id': 3, 'time': 409, 'url': 'https://mall.jd.com/index-1000074823.html'}, {'ad_id': 4, 'time': 536, 'url': 'https://yilidwrp.tmall.com/p/rd441859.htm'}]"
10,2,"[{'ad_id': 0, 'time': 120, 'url': 'https://pro.jd.com/mall/active/tt8sDHUcppeRLQV6pis6et1YqZR/index.html'}, {'ad_id': 5, 'time': 405, 'url': 'https://mall.jd.com/index-1000008814.html'}, {'ad_id': 6, 'time': 532, 'url': 'https://pro.jd.com/mall/active/277WPxCkxUmRTyZTHGZ1b1bYgAXU/index.html'}]"
10,3,"[{'ad_id': 6, 'time': 206, 'url': 'https://pro.jd.com/mall/active/277WPxCkxUmRTyZTHGZ1b1bYgAXU/index.html'}, {'ad_id': 0, 'time': 441, 'url': 'https://pro.jd.com/mall/active/tt8sDHUcppeRLQV6pis6et1YqZR/index.html'}, {'ad_id': 1, 'time': 655, 'url': 'https://sale.jd.com/mall/tEzqm8w3fUZK.html'}]"
10,4,"[{'ad_id': 6, 'time': 120, 'url': 'https://pro.jd.com/mall/active/277WPxCkxUmRTyZTHGZ1b1bYgAXU/index.html'}, {'ad_id': 3, 'time': 560, 'url': 'https://mall.jd.com/index-1000074823.html'}, {'ad_id': 1, 'time': 658, 'url': 'https://sale.jd.com/mall/tEzqm8w3fUZK.html'}]"
10,5,"[{'ad_id': 7, 'time': 75, 'url': 'http://www.emerail.cn/htm/Article/ArticleDetail/350.html'}, {'ad_id': 5, 'time': 255, 'url': 'https://mall.jd.com/index-1000008814.html'}, {'ad_id': 6, 'time': 602, 'url': 'https://pro.jd.com/mall/active/277WPxCkxUmRTyZTHGZ1b1bYgAXU/index.html'}]"
10,6,"[{'ad_id': 2, 'time': 194, 'url': 'https://pro.jd.com/mall/active/3iASDWo7Xpzq2uSVN7ARAeXzLZME/index.html'}, {'ad_id': 5, 'time': 512, 'url': 'https://mall.jd.com/index-1000008814.html'}, {'ad_id': 0, 'time': 632, 'url': 'https://pro.jd.com/mall/active/tt8sDHUcppeRLQV6pis6et1YqZR/index.html'}]"
10,7,"[{'ad_id': 7, 'time': 189, 'url': 'http://www.emerail.cn/htm/Article/ArticleDetail/350.html'}, {'ad_id': 2, 'time': 445, 'url': 'https://pro.jd.com/mall/active/3iASDWo7Xpzq2uSVN7ARAeXzLZME/index.html'}, {'ad_id': 6, 'time': 572, 'url': 'https://pro.jd.com/mall/active/277WPxCkxUmRTyZTHGZ1b1bYgAXU/index.html'}]"
10,8,"[{'ad_id': 3, 'time': 192, 'url': 'https://mall.jd.com/index-1000074823.html'}, {'ad_id': 2, 'time': 400, 'url': 'https://pro.jd.com/mall/active/3iASDWo7Xpzq2uSVN7ARAeXzLZME/index.html'}, {'ad_id': 7, 'time': 650, 'url': 'http://www.emerail.cn/htm/Article/ArticleDetail/350.html'}]"
10,9,"[{'ad_id': 0, 'time': 123, 'url': 'https://pro.jd.com/mall/active/tt8sDHUcppeRLQV6pis6et1YqZR/index.html'}, {'ad_id': 3, 'time': 452, 'url': 'https://mall.jd.com/index-1000074823.html'}, {'ad_id': 7, 'time': 652, 'url': 'http://www.emerail.cn/htm/Article/ArticleDetail/350.html'}]"
10,10,"[{'ad_id': 4, 'time': 145, 'url': 'https://yilidwrp.tmall.com/p/rd441859.htm'}, {'ad_id': 2, 'time': 274, 'url': 'https://pro.jd.com/mall/active/3iASDWo7Xpzq2uSVN7ARAeXzLZME/index.html'}, {'ad_id': 5, 'time': 657, 'url': 'https://mall.jd.com/index-1000008814.html'}]"
